{
  "sample_rate": 48000,
  "samples": [
    0.0,
    0.0011553580665776516,
    0.004571412240227753,
    0.010099726616463356,
    0.0174982750557355,
    0.026439328930984975,
    0.036520178899026944,
    0.047276380078755155,
    0.05819713590622279,
    0.0687423722736291,
    0.07836100210017298,
    0.08650984266344013,
    0.09267262491999027,
    0.09637852635731708,
    0.09721966693603913,
    0.09486703127724153,
    0.08908431888964378,
    0.07973927697930212,
    0.06681213592809418,
    0.05040084420828494,
    0.030722885356870646,
    0.008113552447840768,
    -0.01697934714370341,
    -0.04400428454940999,
    -0.07231812895088309,
    -0.10120132759709086,
    -0.12987579045869904,
    -0.15752504239829834,
    -0.18331613499583674,
    -0.2064227519730697,
    -0.22604889820445878,
    -0.2414525339284111,
    -0.25196850393700787,
    -0.2570301167625021,
    -0.25618875129838664,
    -0.24913090755370487,
    -0.23569217356607589,
    -0.21586765069396446,
    -0.1898184629780988,
    -0.15787407105146184,
    -0.1205302149181387,
    -0.07844242028373095,
    -0.03241511727434285,
    0.01661346453605478,
    0.0675903477851153,
    0.11937042049330614,
    0.17074212514957393,
    0.22045564811924678,
    0.2672529566689313,
    0.309898968838989,
    0.34721309620013974,
    0.3781003726325517,
    0.40158137465329113,
    0.41682015101475695,
    0.42314941134093415,
    0.42009227500551133,
    0.4073799513435595,
    0.3849648092127206,
    0.3530283960239274,
    0.3119840813856226,
    0.2624741258360326,
    0.2053611078680885,
    0.1417137794470609,
    0.07278755819439198,
    1.8514345309944237e-16,
    -0.07509827432754691,
    -0.15085660392751607,
    -0.22556056110101488,
    -0.2974706759475033,
    -0.3648627392475922,
    -0.4260687538219811,
    -0.47951756937023077,
    -0.5237742231560049,
    -0.5575770195527694,
    -0.5798714155412801,
    -0.5898398363416372,
    -0.5869266244932719,
    -0.5708574253471858,
    -0.5416524300722182,
    -0.4996330313934723,
    -0.4454215944482195,
    -0.37993420207785117,
    -0.30436639700576257,
    -0.22017210890987673,
    -0.12903611849885638,
    -0.03284056943173668,
    0.06637381156174915,
    0.16645098938254996,
    0.2651664728199047,
    0.3602767262456432,
    0.4495700438954962,
    0.5309177354905613,
    0.6023244435577492,
    0.6619764114998441,
    0.7082865477073039,
    0.7399351846193244,
    0.7559055118110236,
    0.7555127674534154,
    0.738426400801232,
    0.7046845670804794,
    0.6547004821279888,
    0.589260343786228,
    0.5095127164148964,
    0.4169494697000149,
    0.3133785587871609,
    0.20088912511687154,
    0.08180958169238939,
    -0.041340481519949956,
    -0.16590358092710014,
    -0.2891416851948975,
    -0.40829638622724035,
    -0.5206505732177953,
    -0.6235902322275066,
    -0.7146649689552184,
    -0.7916458593363184,
    -0.8525792716224204,
    -0.8958353742265724,
    -0.9201501446929541,
    -0.9246598247820411,
    -0.9089269222846518,
    -0.8729570385933418,
    -0.8172059985041957,
    -0.7425769709468819,
    -0.6504074917022304,
    -0.5424465267278025,
    -0.42082194235264075,
    -0.28799897113434825,
    -0.14673047445536375
  ]
}
